{
  "_fv": 39,
  "_type": "item",
  "definition": {
    "renderType": 0,
    "texture": "emerald_potion",
    "customModelName": "Normal",
    "name": "Asd",
    "rarity": "COMMON",
    "creativeTab": {
      "value": "BREWING"
    },
    "stackSize": 64,
    "enchantability": 0,
    "useDuration": 32,
    "toolType": 1.0,
    "damageCount": 0,
    "recipeRemainder": {
      "value": ""
    },
    "destroyAnyBlock": false,
    "immuneToFire": false,
    "stayInGridWhenCrafting": false,
    "damageOnCrafting": false,
    "enableMeleeDamage": false,
    "damageVsEntity": 0.0,
    "specialInfo": [],
    "hasGlow": true,
    "guiBoundTo": "<NONE>",
    "inventorySize": 9,
    "inventoryStackSize": 64,
    "isFood": true,
    "nutritionalValue": 0,
    "saturation": 0.0,
    "eatResultItem": {
      "value": "Items.GLASS_BOTTLE"
    },
    "isMeat": false,
    "isAlwaysEdible": true,
    "animation": "drink"
  }
}